-- phpMyAdmin SQL Dump
-- version 5.2.2
-- https://www.phpmyadmin.net/
--
-- Host: localhost:3306
-- Generation Time: Dec 02, 2025 at 06:46 AM
-- Server version: 8.4.3
-- PHP Version: 8.2.27

SET SQL_MODE = "NO_AUTO_VALUE_ON_ZERO";
START TRANSACTION;
SET time_zone = "+00:00";


/*!40101 SET @OLD_CHARACTER_SET_CLIENT=@@CHARACTER_SET_CLIENT */;
/*!40101 SET @OLD_CHARACTER_SET_RESULTS=@@CHARACTER_SET_RESULTS */;
/*!40101 SET @OLD_COLLATION_CONNECTION=@@COLLATION_CONNECTION */;
/*!40101 SET NAMES utf8mb4 */;

--
-- Database: `halte_management`
--

-- --------------------------------------------------------

--
-- Table structure for table `haltes`
--

CREATE TABLE `haltes` (
  `id` bigint UNSIGNED NOT NULL,
  `name` varchar(255) COLLATE utf8mb4_unicode_ci NOT NULL,
  `description` text COLLATE utf8mb4_unicode_ci,
  `latitude` decimal(10,8) NOT NULL,
  `longitude` decimal(11,8) NOT NULL,
  `address` text COLLATE utf8mb4_unicode_ci,
  `is_rented` tinyint(1) NOT NULL DEFAULT '0',
  `rent_start_date` date DEFAULT NULL,
  `rent_end_date` date DEFAULT NULL,
  `rented_by` varchar(255) COLLATE utf8mb4_unicode_ci DEFAULT NULL,
  `simbada_registered` tinyint(1) NOT NULL DEFAULT '0',
  `simbada_number` varchar(255) COLLATE utf8mb4_unicode_ci DEFAULT NULL,
  `status` enum('available','rented','maintenance') COLLATE utf8mb4_unicode_ci NOT NULL DEFAULT 'available',
  `created_at` timestamp NULL DEFAULT NULL,
  `updated_at` timestamp NULL DEFAULT NULL
) ENGINE=InnoDB DEFAULT CHARSET=utf8mb4 COLLATE=utf8mb4_unicode_ci;

--
-- Dumping data for table `haltes`
--

INSERT INTO `haltes` (`id`, `name`, `description`, `latitude`, `longitude`, `address`, `is_rented`, `rent_start_date`, `rent_end_date`, `rented_by`, `simbada_registered`, `simbada_number`, `status`, `created_at`, `updated_at`) VALUES
(10, 'Halte Taman Pelangi', 'pelangi', -7.32829130, 112.73100018, 'MPCJ+784, Gayungan, Kec. Gayungan, Surabaya, Jawa Timur', 0, NULL, NULL, NULL, 1, NULL, 'available', '2025-08-18 21:44:49', '2025-08-18 21:44:49'),
(11, 'Halte Ubhara', 'ubhara', -7.32111322, 112.73309551, 'Jl. Ahmad Yani, Ketintang, Kec. Gayungan, Surabaya, Jawa Timur 60231', 0, NULL, NULL, NULL, 1, NULL, 'available', '2025-08-18 21:46:49', '2025-08-18 21:46:49'),
(13, 'Halte UNESA', 'unesa', -7.29712112, 112.67535780, 'PM2G+M49, Jl. Mayjen Yono Suwoyo, Lidah Wetan, Kec. Lakarsantri, Surabaya, Jawa Timur 60213', 0, NULL, NULL, NULL, 1, NULL, 'available', '2025-08-18 21:52:11', '2025-08-18 21:52:11'),
(14, 'Halte Marmoyo', 'marmoyo', -7.29542005, 112.73967309, 'PP3Q+CQG, Darmo, Kec. Wonokromo, Surabaya, Jawa Timur', 0, NULL, NULL, NULL, 1, NULL, 'available', '2025-08-18 21:54:36', '2025-08-18 21:54:36'),
(33, 'Halte RSAL', 'RSAL', -7.30681351, 112.73542298, 'Jagir, Kec. Wonokromo, Surabaya, Jawa Timur', 0, NULL, NULL, NULL, 1, NULL, 'available', '2025-08-19 21:34:54', '2025-08-25 19:52:06'),
(44, 'Halte RS Bhayangkara', 'Depan Rumah Sakit Bhayangkara', -7.32483637, 112.73184581, 'Jl. Ahmad Yani, Ketintang, Kec. Gayungan, Surabaya, Jawa Timur 60235', 0, NULL, NULL, NULL, 0, NULL, 'available', '2025-08-25 00:59:16', '2025-08-25 00:59:16'),
(45, 'Halte Dukuh Menanggal', 'Depan Bank Mandiri KCP Surabaya Menanggal', -7.34346141, 112.72903437, 'MP4H+JH6, Menanggal, Kec. Gayungan, Surabaya, Jawa Timur 60234', 0, NULL, NULL, NULL, 0, NULL, 'available', '2025-08-25 01:12:10', '2025-08-25 01:12:10'),
(46, 'Halte Pandegiling (Darmo KF)', 'Depan Apotek Kimia Farma', -7.27795265, 112.74086918, 'Jl. Raya Darmo No.2-4, DR. Soetomo, Kec. Tegalsari, Surabaya, Jawa Timur 60264', 0, NULL, NULL, NULL, 0, NULL, 'available', '2025-08-25 01:26:18', '2025-08-26 00:42:13'),
(47, 'Halte Embong Malang', 'Depan OCA Ice Skating Arena', -7.26034838, 112.73743425, 'Jl. Embong Malang No.95, RT.003/RW.04, Kedungdoro, Kec. Tegalsari, Surabaya, Jawa Timur 60261', 0, NULL, NULL, NULL, 0, NULL, 'available', '2025-08-25 01:29:37', '2025-08-26 00:39:48'),
(48, 'Halte Embong Malang 2', 'Depan Hotel JW Marriot', -7.25896281, 112.73407761, 'Jl. Embong Malang No.95, RT.003/RW.04, Kedungdoro, Kec. Tegalsari, Surabaya, Jawa Timur 60261', 1, '2025-11-25', '2029-12-25', 'PT TERPURUK', 1, '124545645', 'rented', '2025-08-25 01:31:17', '2025-11-25 07:36:55'),
(49, 'Halte Blauran', 'Depan BG Junction Mall', -7.25514044, 112.73400153, 'Bubutan, Kec. Bubutan, Surabaya, Jawa Timur', 0, NULL, NULL, NULL, 0, NULL, 'available', '2025-08-25 01:33:30', '2025-08-26 00:38:52'),
(50, 'Halte Pirngadi', 'Depan Gereja Protestan', -7.25243050, 112.73478492, 'PPWM+XWQ, Bubutan, Surabaya, East Java', 0, NULL, NULL, NULL, 0, NULL, 'available', '2025-08-25 01:35:06', '2025-08-26 00:38:13'),
(51, 'Halte Pasar Turi Kencana', 'Depan Gedung Kencana', -7.24614119, 112.73692228, 'QP3P+GRJ, Bubutan, Surabaya, East Java', 0, NULL, NULL, NULL, 0, NULL, 'available', '2025-08-25 01:39:11', '2025-08-26 00:37:15'),
(52, 'Halte Indrapura', 'Depan RS Vertikal', -7.24090686, 112.73211417, 'Kemayoran, Kec. Krembangan, Surabaya, Jawa Timur', 0, NULL, NULL, NULL, 0, NULL, 'available', '2025-08-25 01:43:06', '2025-08-26 00:36:35'),
(53, 'Halte Jembatan Merah', 'Depan Gedung Rajawali (PT. Arina Multi Karya)', -7.23557887, 112.73563314, 'Jl. Rajawali No.18, RW.15, Krembangan Sel., Kec. Krembangan, Surabaya, Jawa Timur 60175', 0, NULL, NULL, NULL, 0, NULL, 'available', '2025-08-25 01:45:47', '2025-08-26 00:35:53'),
(54, 'Halte Veteran', 'Depan Bank Mandiri', -7.23885425, 112.74017508, 'QP6Q+42P, South Krembangan, Krembangan, Surabaya, East Java', 0, NULL, NULL, NULL, 0, NULL, 'available', '2025-08-25 01:47:57', '2025-08-26 00:34:14'),
(55, 'Halte Alun-Alun Contong', 'Depan Rumah Pompa Pahlawan', -7.25209569, 112.73675940, 'Alun-alun Contong, Kec. Bubutan, Surabaya, Jawa Timur', 0, NULL, NULL, NULL, 0, NULL, 'available', '2025-08-25 01:49:53', '2025-08-26 00:33:39'),
(56, 'Halte Simpang Pemuda', 'Depan Hotel Grand Inna Tunjungan', -7.26291661, 112.74188215, 'Jl. Gubernur Suryo No.1, RW.3, Embong Kaliasin, Kec. Genteng, Surabaya, Jawa Timur 60271', 0, NULL, NULL, NULL, 0, NULL, 'available', '2025-08-25 01:51:56', '2025-08-26 00:32:53'),
(57, 'Halte Pangsud', 'Depan Yamaha Land', -7.26632898, 112.74503112, 'Embong Kaliasin, Kec. Genteng, Surabaya, Jawa Timur', 1, '2025-11-25', '2028-11-25', 'PT MENCARI LOKER', 1, '1231234124', 'rented', '2025-08-25 01:54:35', '2025-11-25 07:54:22'),
(58, 'Halte Sono Kembang', 'Depan Kantor Grapari', -7.26959435, 112.74382171, 'Embong Kaliasin, Kec. Genteng, Surabaya, Jawa Timur', 1, '2025-11-25', '2029-11-25', 'PT ANJAY', 1, '213124124', 'rented', '2025-08-25 01:57:30', '2025-11-25 07:44:02'),
(59, 'Halte Urip Sumoharjo 2', 'Depan Kampus STIE Urip Sumoharjo', -7.27399014, 112.74217901, 'Keputran, Kec. Tegalsari, Surabaya, Jawa Timur', 0, NULL, NULL, NULL, 0, NULL, 'available', '2025-08-25 02:05:07', '2025-08-26 00:29:04'),
(60, 'Halte Darmo Santa Maria', 'Depan Sekolah Santa Maria', -7.28368941, 112.74052833, 'PP8R+H46, Keputran, Kec. Tegalsari, Surabaya, Jawa Timur', 1, '2025-11-25', '2031-12-25', 'PT CINTA SEJATI', 1, '1234456', 'rented', '2025-08-25 02:07:19', '2025-11-25 07:35:23'),
(61, 'Halte UINSA', 'Depan Kampus UINSA', -7.32201807, 112.73325768, 'Jemur Wonosari, Kec. Wonocolo, Surabaya, Jawa Timur', 0, NULL, NULL, NULL, 0, NULL, 'available', '2025-08-25 02:09:55', '2025-08-26 00:26:04'),
(62, 'Halte Pradah Kali Kendal B', 'Depan Ruko', -7.28444174, 112.69238108, 'Pradahkalikendal, Kec. Dukuhpakis, Surabaya, Jawa Timur', 0, NULL, NULL, NULL, 0, NULL, 'available', '2025-08-25 02:16:13', '2025-08-25 02:16:13'),
(63, 'Halte Lap. Hockey Dharmawangsa', 'Depan Lapangan Hockey Dhamawangsa', -7.26752784, 112.75667943, 'Airlangga, Kec. Gubeng, Surabaya, Jawa Timur', 0, NULL, NULL, NULL, 0, NULL, 'available', '2025-08-25 02:19:14', '2025-08-26 00:25:33'),
(64, 'Halte SMAN 4', 'Depan SMAN 4', -7.26534294, 112.75563164, 'Pacar Keling, Kec. Tambaksari, Surabaya, Jawa Timur', 0, NULL, NULL, NULL, 0, NULL, 'available', '2025-08-25 02:23:37', '2025-08-26 00:24:37'),
(65, 'Halte Pemuda RRI', 'Depan Kantor RRI', -7.26524885, 112.74775064, 'Embong Kaliasin, Kec. Genteng, Surabaya, Jawa Timur', 0, NULL, NULL, NULL, 0, NULL, 'available', '2025-08-25 02:29:53', '2025-08-26 00:23:46'),
(66, 'Halte KPU', 'Depan Kantor Partai Golkar', -7.29267445, 112.72866209, 'Sawunggaling, Kec. Wonokromo, Surabaya, Jawa Timur', 0, NULL, NULL, NULL, 0, NULL, 'available', '2025-08-25 02:33:01', '2025-08-26 00:23:04'),
(67, 'Halte BDH', 'Depan RS BDH', -7.25547053, 112.63508407, 'Jl. Kendung No.115-117, Sememi, Kec. Benowo, Surabaya, Jawa Timur 60198', 0, NULL, NULL, NULL, 0, NULL, 'available', '2025-08-25 02:35:57', '2025-08-26 00:21:56'),
(68, 'Halte Margomulyo', 'depan Pergudangan Suri Mulia Permai', -7.23698690, 112.68298928, 'Margomulyo 44, Blk. HH No.20, Greges, Asem Rowo, Surabaya, East Java 60183', 0, NULL, NULL, NULL, 0, NULL, 'available', '2025-08-25 02:42:32', '2025-08-26 00:21:25'),
(69, 'Halte Siwalankerto A', 'Depan Dealer Honda Ahmad Yani', -7.33678144, 112.72919288, 'Gayungan, Kec. Gayungan, Surabaya, Jawa Timur', 0, NULL, NULL, NULL, 0, NULL, 'available', '2025-08-25 19:01:47', '2025-08-26 00:20:46'),
(70, 'Halte Ketintang Royal', 'Depan Mall Royal Plaza', -7.30854887, 112.73525591, 'Jl. A Yani Frontage Barat No.16-18, Wonokromo, Kec. Wonokromo, Surabaya, Jawa Timur 60243', 0, NULL, NULL, NULL, 0, NULL, 'available', '2025-08-25 19:06:38', '2025-08-26 00:18:44'),
(71, 'Halte Museum BI', 'Depan Perpustakaan Bank Indonesia', -7.29433077, 112.73888372, 'PP4Q+7J3 Museum BI, Darmo, Kec. Wonokromo, Surabaya, Jawa Timur', 0, NULL, NULL, NULL, 0, NULL, 'available', '2025-08-25 19:09:30', '2025-08-26 00:17:21'),
(72, 'Halte Darmo RS', 'Depan Rumas Sakit Darmo', -7.28696746, 112.73920080, 'Jl. Raya Darmo No.88, DR. Soetomo, Kec. Tegalsari, Surabaya, Jawa Timur 60264', 0, NULL, NULL, NULL, 0, NULL, 'available', '2025-08-25 19:12:24', '2025-08-26 00:16:43'),
(73, 'Halte Darmo Niaga', 'Depan Bank Niaga', -7.28020320, 112.74060502, 'DR. Soetomo, Kec. Tegalsari, Surabaya, Jawa Timur', 0, NULL, NULL, NULL, 0, NULL, 'available', '2025-08-25 19:14:41', '2025-08-26 00:13:48'),
(74, 'Halte Basra', 'Depan Hotel Bumi Surabaya', -7.27170372, 112.74159338, 'PPHR+7MJ, Embong Kaliasin, Kec. Genteng, Surabaya, Jawa Timur', 0, NULL, NULL, NULL, 0, NULL, 'available', '2025-08-25 19:33:49', '2025-08-26 00:14:43'),
(75, 'Halte Kaliasin', 'Depan ICBC', -7.26480862, 112.74096320, 'PPPR+39P, Kedungdoro, Kec. Tegalsari, Surabaya, Jawa Timur', 1, '2025-11-25', '2029-11-25', 'PT HAHAHIHI', 1, '12344556', 'rented', '2025-08-25 19:35:48', '2025-11-25 07:57:15'),
(76, 'Halte Siwalankerto 2', 'Depan Makam Siwalankerto', -7.33706340, 112.72976013, 'Siwalankerto, Kec. Wonocolo, Surabaya, Jawa Timur', 0, NULL, NULL, NULL, 0, NULL, 'available', '2025-08-25 19:39:18', '2025-08-26 00:09:02'),
(77, 'Halte Darmo', 'Depan Chatime Darmo', -7.28938900, 112.73947615, 'PP6Q+8M8, Keputran, Kec. Tegalsari, Surabaya, Jawa Timur', 0, NULL, NULL, NULL, 0, NULL, 'available', '2025-08-25 19:50:01', '2025-08-26 00:06:39'),
(78, 'Halte Darmo Park 1', 'Depan Ruko Darmo Park', -7.29229540, 112.71728788, 'PP59+C2M, Pakis, Kec. Sawahan, Surabaya, Jawa Timur 60256', 1, '2025-11-25', '2029-11-25', 'PT HEMM', 1, '892739739', 'rented', '2025-08-25 19:55:58', '2025-11-25 08:00:24'),
(79, 'Halte Dr Sutomo', 'Depan RSUD Dr Soetomo', -7.26889427, 112.75650040, 'PQJ4+FJ4, Airlangga, Kec. Gubeng, Surabaya, Jawa Timur 60286', 0, NULL, NULL, NULL, 0, NULL, 'available', '2025-08-25 19:59:03', '2025-08-26 00:05:24'),
(80, 'Halte Darmo Park 2', 'Depan Ruko Darmo Park 2', -7.29133973, 112.71737177, 'PP58+8XF, Dukuh Pakis, Kec. Dukuhpakis, Surabaya, Jawa Timur', 1, '2025-11-25', '2029-11-25', 'PT HEMM', 1, '8978762', 'rented', '2025-08-25 20:05:28', '2025-11-25 08:01:04'),
(81, 'Halte TMP 1', 'Samping SPBU Pertamina Mayjend Sungkono', -7.28979589, 112.71104651, 'Jl. Mayjen Sungkono No.369 002, RT.002/RW.02, Dukuh Pakis, Kec. Dukuhpakis, Surabaya, Jawa Timur 60225', 0, NULL, NULL, NULL, 0, NULL, 'available', '2025-08-25 20:07:47', '2025-08-26 00:02:42'),
(82, 'Halte Pradah Kali Kendal', 'Depan Warung', -7.28451026, 112.69226092, 'PM8R+7QM, Jl. Mayjen HR. Muhammad, Pradahkalikendal, Kec. Dukuhpakis, Surabaya, Jawa Timur', 0, NULL, NULL, NULL, 0, NULL, 'available', '2025-08-25 20:10:04', '2025-08-25 22:49:39'),
(83, 'Halte Bundaran UNESA', 'Seberang Halte UNESA', -7.29815158, 112.67576072, 'PM2G+M49, Jl. Mayjen Yono Suwoyo, Lidah Wetan, Kec. Lakarsantri, Surabaya, Jawa Timur 60213', 0, NULL, NULL, NULL, 0, NULL, 'available', '2025-08-25 20:12:20', '2025-08-25 22:48:54'),
(84, 'Halte Gunung Anyar Timur 1', 'Depan Apartemen Mangkrak', -7.33975698, 112.78458730, 'Gn. Anyar, Kec. Gn. Anyar, Surabaya, Jawa Timur', 0, NULL, NULL, NULL, 0, NULL, 'available', '2025-08-25 20:16:24', '2025-08-25 22:47:46'),
(85, 'Halte SMPN 19', 'Depan SMPN 19', -7.28820779, 112.78082533, 'Klampis Ngasem, Kec. Sukolilo, Surabaya, Jawa Timur', 0, NULL, NULL, NULL, 0, NULL, 'available', '2025-08-25 20:18:05', '2025-08-25 22:47:04'),
(86, 'Halte Mulyorejo 2', 'Depan Airlangga Convention Center', -7.26408115, 112.78319360, 'PQPM+5HC, Jl. Dr. Ir. H. Soekarno, Mulyorejo, Kec. Mulyorejo, Surabaya, Jawa Timur 60115', 0, NULL, NULL, NULL, 0, NULL, 'available', '2025-08-25 20:22:19', '2025-08-25 22:46:18'),
(87, 'Halte Kopertis', 'Depan Kantor Kopertis', -7.28851262, 112.78083537, 'Klampis Ngasem, Kec. Sukolilo, Surabaya, Jawa Timur', 0, NULL, NULL, NULL, 0, NULL, 'available', '2025-08-25 20:25:37', '2025-08-25 22:39:07'),
(88, 'Halte RSI Jemursari A', 'Depan RSI Jemursari', -7.32329510, 112.74109364, 'Jemur Wonosari, Kec. Wonocolo, Surabaya, Jawa Timur', 0, NULL, NULL, NULL, 0, NULL, 'available', '2025-08-25 20:28:36', '2025-08-25 22:38:08'),
(89, 'Halte Menur', 'Depan Kampus Deteksi ITS', -7.28685265, 112.76341359, 'PQ77+696, Manyar Sabrangan, Kec. Mulyorejo, Surabaya, Jawa Timur 60116', 0, NULL, NULL, NULL, 0, NULL, 'available', '2025-08-25 20:30:12', '2025-08-25 22:37:23'),
(90, 'Halte Margorejo 2', 'Depan Foodcourt Holywood', -7.31612555, 112.73529851, 'MPMP+F35, Jl. Margorejo Indah, Margorejo, Kec. Wonocolo, Surabaya, Jawa Timur 60237', 0, NULL, NULL, NULL, 0, NULL, 'available', '2025-08-25 20:32:02', '2025-08-25 22:36:37'),
(91, 'Halte Jemurandayani Pos', 'Depan Kantor Pos Jemurandayani', -7.32916154, 112.74372259, 'Kendangsari, Kec. Tenggilis Mejoyo, Surabaya, Jawa Timur', 0, NULL, NULL, NULL, 0, NULL, 'available', '2025-08-25 20:33:49', '2025-08-25 22:31:13'),
(92, 'Halte Jemurandayani', 'Seberang Kantor Pos Jemurandayani', -7.32944751, 112.74399908, 'Kendangsari, Kec. Tenggilis Mejoyo, Surabaya, Jawa Timur', 0, NULL, NULL, NULL, 0, NULL, 'available', '2025-08-25 20:37:49', '2025-08-25 22:35:15'),
(93, 'Halte Barunawati B', 'Seberang SMA Barunawati', -7.22100578, 112.73270947, 'Jl. Perak Bar. No.173, Perak Utara, Kec. Pabean Cantikan, Surabaya, Jawa Timur 60165', 0, NULL, NULL, NULL, 0, NULL, 'available', '2025-08-25 20:40:10', '2025-08-25 22:30:02'),
(94, 'Halte Stasiun Gubeng', 'Seberang Stasiun Gubeng', -7.26485328, 112.75171144, 'Pacar Keling, Kec. Tambaksari, Surabaya, Jawa Timur 60131', 0, NULL, NULL, NULL, 0, NULL, 'available', '2025-08-25 20:41:42', '2025-08-25 22:29:01'),
(95, 'Halte SMAN 9', 'Depan SMAN 9 Surabaya', -7.25766211, 112.75064322, 'Ketabang, Kec. Genteng, Surabaya, Jawa Timur', 0, NULL, NULL, NULL, 0, NULL, 'available', '2025-08-25 20:43:26', '2025-08-25 22:26:21'),
(96, 'Halte Kusuma Bangsa TMP', 'Sebelah TMP Kusuma Bangsa', -7.25146706, 112.74959972, 'Jl. Kusuma Bangsa, Kapasari, Kec. Genteng, Surabaya, Jawa Timur 60273', 0, NULL, NULL, NULL, 0, NULL, 'available', '2025-08-25 20:44:57', '2025-08-25 22:25:40'),
(97, 'Halte Kusuma Bangsa SDN', 'Depan SDN Kapasari VII Surabaya', -7.25073525, 112.75026859, 'Jl. Kusuma Bangsa No.124, Kapasari, Kec. Genteng, Surabaya, Jawa Timur 60273', 0, NULL, NULL, NULL, 0, NULL, 'available', '2025-08-25 20:46:53', '2025-08-25 22:24:18'),
(98, 'Halte William Booth', 'Depan RS William Booth', -7.29148580, 112.73692934, 'PP5P+9RC, Jl. Wonokromo, Darmo, Kec. Wonokromo, Surabaya, Jawa Timur', 0, NULL, NULL, NULL, 0, NULL, 'available', '2025-08-25 20:48:27', '2025-08-25 22:21:04'),
(99, 'Halte Diponegoro', 'Depan Bank Mandiri Diponegoro', -7.28315355, 112.73244795, 'Jl. Diponegoro, Rw5, Sidokumpul, Kec. Sidoarjo, Kabupaten Sidoarjo, Jawa Timur 61213', 0, NULL, NULL, NULL, 0, NULL, 'available', '2025-08-25 20:50:17', '2025-08-25 22:18:08'),
(100, 'Halte TMP Ngagel 1', 'Depan TMP Ngagel', -7.29162235, 112.74848506, 'Pucang Sewu, Kec. Gubeng, Surabaya, Jawa Timur', 0, NULL, NULL, NULL, 0, NULL, 'available', '2025-08-25 20:52:06', '2025-08-25 22:17:04'),
(101, 'Halte Kedung Cowek 2 (SMPN 15)', 'Depan SMPN 15 Surabaya', -7.22619727, 112.77576160, 'Tanah Kali Kedinding, Kec. Kenjeran, Surabaya, Jawa Timur', 0, NULL, NULL, NULL, 0, NULL, 'available', '2025-08-25 20:54:04', '2025-08-25 22:12:50'),
(102, 'Halte Kedung Cowek 1 (PT Usfi)', 'Depan Pergudangan PT Usfi', -7.22660675, 112.77484853, 'Jl. Kedung Cowek No.345, RT.000/RW.00, Tanah Kali Kedinding, Kec. Kenjeran, Surabaya, Jawa Timur 60129', 0, NULL, NULL, NULL, 0, NULL, 'available', '2025-08-25 20:55:34', '2025-08-25 22:11:46'),
(104, 'Halte Wijaya Kusuma (SMAN 2)', 'Depan SMAN 2 Surabaya', -7.25680789, 112.74912349, 'Jl. Wijaya Kusuma No.48, Ketabang, Kec. Genteng, Surabaya, Jawa Timur 60272', 0, NULL, NULL, NULL, 0, NULL, 'available', '2025-08-25 20:57:33', '2025-08-25 22:09:15'),
(105, 'Halte Kebonrojo', 'Depan Kantor Pos Surabaya Kebonrojo', -7.24332440, 112.73726258, 'QP4P+MVQ Halte, Jl. Kebon Rojo, Krembangan Sel., Kec. Krembangan, Surabaya, Jawa Timur 60175', 0, NULL, NULL, NULL, 0, NULL, 'available', '2025-08-25 20:59:23', '2025-08-25 21:58:45'),
(106, 'Halte UNAIR A', 'Depan Kampus UNAIR A', -7.26551414, 112.75753131, 'Pacar Kembang, Kec. Tambaksari, Surabaya, Jawa Timur', 0, NULL, NULL, NULL, 0, NULL, 'available', '2025-08-25 21:02:44', '2025-08-25 21:57:37'),
(108, 'Halte SMKN 5', 'Depan SMKN 5 Surabaya', -7.26635629, 112.76852725, 'Mojo, Kec. Gubeng, Surabaya, Jawa Timur', 0, NULL, NULL, NULL, 0, NULL, 'available', '2025-08-25 21:12:17', '2025-08-25 21:56:53'),
(109, 'Halte Rajawali', 'Depan Gereja Tiberias', -7.23456129, 112.73222328, NULL, 0, NULL, NULL, NULL, 0, NULL, 'available', '2025-08-26 00:58:20', '2025-08-26 00:58:20'),
(110, 'Halte Margorejo', 'Depan Gudang Dishub Kota Surabaya', -7.31340053, 112.73496392, 'Jl. Margorejo No.1, Margorejo, Kec. Wonocolo, Surabaya, Jawa Timur 60238', 0, NULL, NULL, NULL, 0, NULL, 'available', '2025-08-26 01:06:37', '2025-08-27 00:52:51'),
(111, 'Halte Jemur Ngawinan', 'Samping JPO Jemur Ngawinan', -7.32847093, 112.73193741, 'MPCJ+GM8, Jl. Ahmad Yani, Jemur Wonosari, Kec. Wonocolo, Surabaya, Jawa Timur 60235', 0, NULL, NULL, NULL, 0, NULL, 'available', '2025-08-26 01:09:23', '2025-08-27 00:50:42'),
(112, 'Halte ITS', 'Dekat Bunderan ITS', -7.27954028, 112.79010528, 'Jalan Raya Kertajaya Indah Tim., Gebang Putih, Kec. Sukolilo, Surabaya, Jawa Timur 60117', 0, NULL, NULL, NULL, 0, NULL, 'available', '2025-08-26 01:20:53', '2025-08-27 00:49:55');

-- --------------------------------------------------------

--
-- Table structure for table `halte_documents`
--

CREATE TABLE `halte_documents` (
  `id` bigint UNSIGNED NOT NULL,
  `halte_id` bigint UNSIGNED NOT NULL,
  `document_type` varchar(191) COLLATE utf8mb4_unicode_ci NOT NULL,
  `document_name` varchar(191) COLLATE utf8mb4_unicode_ci NOT NULL,
  `document_path` varchar(191) COLLATE utf8mb4_unicode_ci NOT NULL,
  `file_type` varchar(191) COLLATE utf8mb4_unicode_ci NOT NULL,
  `file_size` int NOT NULL,
  `description` text COLLATE utf8mb4_unicode_ci,
  `uploaded_by` bigint UNSIGNED DEFAULT NULL,
  `created_at` timestamp NULL DEFAULT NULL,
  `updated_at` timestamp NULL DEFAULT NULL
) ENGINE=InnoDB DEFAULT CHARSET=utf8mb4 COLLATE=utf8mb4_unicode_ci;

--
-- Dumping data for table `halte_documents`
--

INSERT INTO `halte_documents` (`id`, `halte_id`, `document_type`, `document_name`, `document_path`, `file_type`, `file_size`, `description`, `uploaded_by`, `created_at`, `updated_at`) VALUES
(2, 78, 'simbada', 'PT.TRIRATNADIESEL_3.pdf', 'halte-documents/3nusFHAMadnlOUUQxPOJxXTRiW8thuVsnbi3x7V5.pdf', 'pdf', 49018, NULL, 5, '2025-11-30 21:16:55', '2025-11-30 21:16:55'),
(3, 80, 'simbada', 'paket_20_page2.pdf', 'halte-documents/tXeWprPF8kPG9vyp3rxapb6PJJQOMFjkwVD8nP66.pdf', 'pdf', 735764, NULL, 5, '2025-11-30 23:18:53', '2025-11-30 23:18:53');

-- --------------------------------------------------------

--
-- Table structure for table `halte_photos`
--

CREATE TABLE `halte_photos` (
  `id` bigint UNSIGNED NOT NULL,
  `halte_id` bigint UNSIGNED NOT NULL,
  `photo_path` varchar(255) COLLATE utf8mb4_unicode_ci NOT NULL,
  `description` varchar(255) COLLATE utf8mb4_unicode_ci DEFAULT NULL,
  `file_size` int DEFAULT NULL,
  `file_type` varchar(191) COLLATE utf8mb4_unicode_ci DEFAULT NULL,
  `original_name` varchar(191) COLLATE utf8mb4_unicode_ci DEFAULT NULL,
  `is_primary` tinyint(1) NOT NULL DEFAULT '0',
  `created_at` timestamp NULL DEFAULT NULL,
  `updated_at` timestamp NULL DEFAULT NULL
) ENGINE=InnoDB DEFAULT CHARSET=utf8mb4 COLLATE=utf8mb4_unicode_ci;

--
-- Dumping data for table `halte_photos`
--

INSERT INTO `halte_photos` (`id`, `halte_id`, `photo_path`, `description`, `file_size`, `file_type`, `original_name`, `is_primary`, `created_at`, `updated_at`) VALUES
(15, 10, 'halte-photos/iyxsReWjeeTW0aCwFZM4R1aaOu2qfFEFxPUsWAAu.png', NULL, NULL, NULL, NULL, 1, '2025-08-18 21:44:49', '2025-08-18 21:44:49'),
(16, 10, 'halte-photos/w13cYJYGpWe19qvNG4XM7LiouOGFVImiFV3A1UAE.png', NULL, NULL, NULL, NULL, 0, '2025-08-18 21:44:49', '2025-08-18 21:44:49'),
(17, 11, 'halte-photos/4muDAZaKXmmWbxjck7xO54smGI0UhqJr6MnaIUWZ.png', NULL, NULL, NULL, NULL, 1, '2025-08-18 21:46:49', '2025-08-18 21:46:49'),
(19, 13, 'halte-photos/kjA4NmnrOd2BAFMLTxmVHurI1jI7o4RvOJiPOWg8.png', NULL, NULL, NULL, NULL, 1, '2025-08-18 21:52:11', '2025-08-18 21:52:11'),
(20, 13, 'halte-photos/TQF32QRxPJbcvOz1okmFRWjPEhDPF93uNXkEMVFj.png', NULL, NULL, NULL, NULL, 0, '2025-08-18 21:52:11', '2025-08-18 21:52:11'),
(21, 14, 'halte-photos/IWP1GFxyBup87opWS9u0A42BHcKeXZc92PwZxEj2.png', NULL, NULL, NULL, NULL, 1, '2025-08-18 21:54:36', '2025-08-18 21:54:36'),
(22, 14, 'halte-photos/N37eUWJgTdweRXc89A6y1Ae4AN0Ekru0ijbYpb04.png', NULL, NULL, NULL, NULL, 0, '2025-08-18 21:54:36', '2025-08-18 21:54:36'),
(50, 33, 'halte-photos/DyzgLqnGYLa1e7CKBRy8Qt7UtShK0rfQa89Bvqz5.png', NULL, NULL, NULL, NULL, 1, '2025-08-19 21:34:54', '2025-08-19 21:34:54'),
(61, 44, 'halte-photos/leCa9ocldXw6HKGFDShP1uyukmL9rQssQuFvZA0P.jpg', NULL, NULL, NULL, NULL, 1, '2025-08-25 00:59:16', '2025-08-25 00:59:16'),
(62, 45, 'halte-photos/qLil6J4HxtPK7NgJ8RerQVT7S5lywCWyQtLfHeCJ.jpg', NULL, NULL, NULL, NULL, 1, '2025-08-25 01:12:10', '2025-08-25 01:12:10'),
(63, 46, 'halte-photos/7pDCCUuMob9wbhcv15zRRxUDV399bHJqVUElZTVp.jpg', NULL, NULL, NULL, NULL, 1, '2025-08-25 01:26:18', '2025-08-25 01:26:18'),
(64, 47, 'halte-photos/Axm2f2rLadDheeYsE4i4CSuwxGP60GF0b9JTKHb0.jpg', NULL, NULL, NULL, NULL, 1, '2025-08-25 01:29:37', '2025-08-25 01:29:37'),
(65, 48, 'halte-photos/ooiGmPQ0THi05PEvVdlVjla5gGtNHE0juEEBr3gp.jpg', NULL, NULL, NULL, NULL, 1, '2025-08-25 01:31:17', '2025-08-25 01:31:17'),
(66, 49, 'halte-photos/VP7CCtm1Hw4aGjcta9hNKGygay02RK1bKM6xhykq.jpg', NULL, NULL, NULL, NULL, 1, '2025-08-25 01:33:30', '2025-08-25 01:33:30'),
(67, 50, 'halte-photos/RJ4Mqbk96vtnyM02yyeY3cCQ4TDO8XJMUwduXKYN.jpg', NULL, NULL, NULL, NULL, 1, '2025-08-25 01:35:06', '2025-08-25 01:35:06'),
(68, 51, 'halte-photos/Y52fiuKrc9LBydVp86EECWepFGU61lccy4LP5IUp.jpg', NULL, NULL, NULL, NULL, 1, '2025-08-25 01:39:11', '2025-08-25 01:39:11'),
(69, 52, 'halte-photos/n4c15G3mIVJZFCRabwqE0615EFaSkpstmQiDHBK6.jpg', NULL, NULL, NULL, NULL, 1, '2025-08-25 01:43:06', '2025-08-25 01:43:06'),
(70, 53, 'halte-photos/RU1tVRzqYndppm6V8EIkXnvTJk5eSbFotfpfAw1V.jpg', NULL, NULL, NULL, NULL, 1, '2025-08-25 01:45:47', '2025-08-25 01:45:47'),
(71, 54, 'halte-photos/fk8ETfLkyFp8KrBWlbZQK7AWv5kyjtaiKupA1fBa.jpg', NULL, NULL, NULL, NULL, 1, '2025-08-25 01:47:57', '2025-08-25 01:47:57'),
(72, 55, 'halte-photos/KlLsMbnizbmdS06e6711aMuTzuETh9rfIzyj67tb.jpg', NULL, NULL, NULL, NULL, 1, '2025-08-25 01:49:53', '2025-08-25 01:49:53'),
(73, 56, 'halte-photos/M7V77EH21EHvNyblNaX4mOv1hebDIqSx7txVaZc7.jpg', NULL, NULL, NULL, NULL, 1, '2025-08-25 01:51:56', '2025-08-25 01:51:56'),
(79, 58, 'halte-photos/fjL6xZ1wOuHWT1sEBakUZEpFgWZDS0Y0j7tXReoM.jpg', NULL, NULL, NULL, NULL, 1, '2025-08-25 02:00:08', '2025-08-25 02:00:08'),
(80, 57, 'halte-photos/GPizBgavaSAM2V8xU9IWCy8lohWBx4TO3p8bLsZB.jpg', NULL, NULL, NULL, NULL, 1, '2025-08-25 02:01:01', '2025-08-25 02:01:01'),
(81, 59, 'halte-photos/Y0di3jT21bHTGcbWsAOhwxuCX2ydBENyDZSCATBZ.jpg', NULL, NULL, NULL, NULL, 1, '2025-08-25 02:05:07', '2025-08-25 02:05:07'),
(82, 60, 'halte-photos/g72bJWP98ipIC6LoHvovbM7o4QwrjSbILP3naLAz.jpg', NULL, NULL, NULL, NULL, 1, '2025-08-25 02:07:19', '2025-08-25 02:07:19'),
(83, 61, 'halte-photos/QfRsVl3a2lvFrJSFuAMu6rLwFfY0WAe4NqNCuLds.jpg', NULL, NULL, NULL, NULL, 1, '2025-08-25 02:09:55', '2025-08-25 02:09:55'),
(84, 62, 'halte-photos/aLLvWBBGwOjaQXh4guvjqRaOgN5i0D6BDwChDeTY.png', NULL, NULL, NULL, NULL, 1, '2025-08-25 02:16:13', '2025-08-25 02:16:13'),
(85, 63, 'halte-photos/KDO2in2d1uxq0i40PJpYaXAJjEoOLMgB9c5j0zAS.jpg', NULL, NULL, NULL, NULL, 1, '2025-08-25 02:19:14', '2025-08-25 02:19:14'),
(86, 64, 'halte-photos/78sOHPZMlNXs0Ra0dARMMuRaGSkClvwxQ47hFgBk.jpg', NULL, NULL, NULL, NULL, 1, '2025-08-25 02:23:37', '2025-08-25 02:23:37'),
(87, 65, 'halte-photos/5quDLzPHDdU8DHE8h496DJ24LeEWVD6hszCEIBnQ.jpg', NULL, NULL, NULL, NULL, 1, '2025-08-25 02:29:53', '2025-08-25 02:29:53'),
(88, 66, 'halte-photos/krX8obB3cTJf7qpjYTgBlKkFxS15so4NQrYRTt9U.jpg', NULL, NULL, NULL, NULL, 1, '2025-08-25 02:33:01', '2025-08-25 02:33:01'),
(89, 67, 'halte-photos/O9Lk0CsF5BEFXjY26VQ5FRrIOKfhvNRlkpNRShCF.jpg', NULL, NULL, NULL, NULL, 1, '2025-08-25 02:35:57', '2025-08-25 02:35:57'),
(90, 68, 'halte-photos/jlkOFKeO0Lcfs2jN047NxwVkzZNCwklp4zmTIRN1.jpg', NULL, NULL, NULL, NULL, 1, '2025-08-25 02:42:32', '2025-08-25 02:42:32'),
(91, 69, 'halte-photos/P5VowCLEnjlLLmkWsQV3LAyyaSBMWdCE3ftmmenX.jpg', NULL, NULL, NULL, NULL, 1, '2025-08-25 19:01:47', '2025-08-25 19:01:47'),
(92, 70, 'halte-photos/66InDoKTf023sqMNPAJHtpMntoSWgPiaSCaI9lf9.jpg', NULL, NULL, NULL, NULL, 1, '2025-08-25 19:06:38', '2025-08-25 19:06:38'),
(93, 71, 'halte-photos/8UsAs6yARpuBcEOQqeMOtVYxCdQxpIutmVt9Sx26.jpg', NULL, NULL, NULL, NULL, 1, '2025-08-25 19:09:30', '2025-08-25 19:09:30'),
(94, 72, 'halte-photos/hIptRcBOdTtOCoMzT7MYaiDRukI2uoFNcUXwBn9k.jpg', NULL, NULL, NULL, NULL, 1, '2025-08-25 19:12:24', '2025-08-25 19:12:24'),
(95, 74, 'halte-photos/7AI9uRD5hAnnxoWc84M0hxRkWG0H2tSnauazum1n.jpg', NULL, NULL, NULL, NULL, 1, '2025-08-25 19:33:49', '2025-08-25 19:33:49'),
(96, 76, 'halte-photos/tSaMRNQ4psvmuG6XfiBGTmwsoCWeNffVHe4MaiIp.jpg', NULL, NULL, NULL, NULL, 1, '2025-08-25 19:39:18', '2025-08-25 19:39:18'),
(97, 13, 'halte-photos/8CPHoiz05S1Kk3iPozJmgUDznx1ELZh5dPQXHh9p.jpg', NULL, NULL, NULL, NULL, 0, '2025-08-25 19:43:25', '2025-08-25 19:43:25'),
(98, 77, 'halte-photos/3sZ1W4P3NaXPJAmlw1WKx7MexZwPe68hoygAHLqC.jpg', NULL, NULL, NULL, NULL, 1, '2025-08-25 19:50:01', '2025-08-25 19:50:01'),
(99, 78, 'halte-photos/EetRLyW4ynXgCz6M6PPM8w7EnBN8GT5m9vCaeSoZ.jpg', NULL, NULL, NULL, NULL, 1, '2025-08-25 19:55:58', '2025-08-25 19:55:58'),
(100, 79, 'halte-photos/1rXkn7tpsDcJ8HzvQ36nccEwOwfcrfl0KU4fzzb7.jpg', NULL, NULL, NULL, NULL, 1, '2025-08-25 19:59:03', '2025-08-25 19:59:03'),
(102, 80, 'halte-photos/NV9Xf1kbBa38UgcpFjuHCTM47FiHhwxeNVktJL0S.jpg', NULL, NULL, NULL, NULL, 1, '2025-08-25 20:06:00', '2025-08-25 20:06:00'),
(103, 81, 'halte-photos/CJ35HoN9gOhsW8QGUvNWndmHZS5OdUdcMj6VKYpe.jpg', NULL, NULL, NULL, NULL, 1, '2025-08-25 20:07:47', '2025-08-25 20:07:47'),
(104, 82, 'halte-photos/G4fesXxsC0DceUPzZDF9FGnGyxdHkgpjsPjd9KxB.jpg', NULL, NULL, NULL, NULL, 1, '2025-08-25 20:10:04', '2025-08-25 20:10:04'),
(105, 83, 'halte-photos/xoJZ7mlQwZLr61hodvBmTMtH4w9fK0ox6rLy7shw.jpg', NULL, NULL, NULL, NULL, 1, '2025-08-25 20:12:20', '2025-08-25 20:12:20'),
(107, 84, 'halte-photos/WSDenWGPR8j27na65VcM6jS3UDbOAX3fslF1efGA.jpg', NULL, NULL, NULL, NULL, 1, '2025-08-25 20:16:24', '2025-08-25 20:16:24'),
(108, 85, 'halte-photos/kbGc0paHtso4bzK0iIChsan7T4cwMmDiG95fNx9u.jpg', NULL, NULL, NULL, NULL, 1, '2025-08-25 20:18:05', '2025-08-25 20:18:05'),
(109, 86, 'halte-photos/sjgUfz1SfF3RAlri9rImeIl4TSWGWEPF36YoVeSW.jpg', NULL, NULL, NULL, NULL, 1, '2025-08-25 20:22:19', '2025-08-25 20:22:19'),
(110, 87, 'halte-photos/xLMSMyFN51hZFGBEYOtKz3fkoVPxYFKTkLCnUEOK.jpg', NULL, NULL, NULL, NULL, 1, '2025-08-25 20:25:37', '2025-08-25 20:25:37'),
(111, 88, 'halte-photos/NeSWD1YfmdrBzPhE32D30z5tISf1ktpFEJ4WJVDs.jpg', NULL, NULL, NULL, NULL, 1, '2025-08-25 20:28:36', '2025-08-25 20:28:36'),
(112, 89, 'halte-photos/XglaoHR3KjCH5MfJIk3o2XwIdLHIcnHNnqTZWF6z.jpg', NULL, NULL, NULL, NULL, 1, '2025-08-25 20:30:12', '2025-08-25 20:30:12'),
(113, 90, 'halte-photos/8Ua1Vw2rzv05u9tbnNi3XyZ4UnFtYjBaURmug83w.jpg', NULL, NULL, NULL, NULL, 1, '2025-08-25 20:32:02', '2025-08-25 20:32:02'),
(114, 91, 'halte-photos/SXhkgkYm002oEGIuW0itufgrIQ2dTanvFUqNaFV4.jpg', NULL, NULL, NULL, NULL, 1, '2025-08-25 20:33:49', '2025-08-25 20:33:49'),
(116, 92, 'halte-photos/px1TY8ZR2mk9DNH7TYAJSBcEC1a5StCYdnjwnjWd.jpg', NULL, NULL, NULL, NULL, 1, '2025-08-25 20:38:10', '2025-08-25 20:38:10'),
(117, 93, 'halte-photos/SYIDm4YqmjWiEacW38qkId2POTzbALstq1FF7iSJ.jpg', NULL, NULL, NULL, NULL, 1, '2025-08-25 20:40:10', '2025-08-25 20:40:10'),
(118, 94, 'halte-photos/dibznYNo74HYN5nTrzSmA55dWfL1XFyDJxTUAzel.jpg', NULL, NULL, NULL, NULL, 1, '2025-08-25 20:41:42', '2025-08-25 20:41:42'),
(119, 95, 'halte-photos/Vba7pGznuc0cO9xppL3DZ77a7M5VbCwqUzo7iAz3.jpg', NULL, NULL, NULL, NULL, 1, '2025-08-25 20:43:26', '2025-08-25 20:43:26'),
(120, 96, 'halte-photos/IezA53NG45D1ui6FOwb4nCROHK4PDWNsufy4OPgX.jpg', NULL, NULL, NULL, NULL, 1, '2025-08-25 20:44:57', '2025-08-25 20:44:57'),
(121, 97, 'halte-photos/4VMLNQhaYwVdlU3Jl0e6CPPWzibKxP92L18bqifE.jpg', NULL, NULL, NULL, NULL, 1, '2025-08-25 20:46:53', '2025-08-25 20:46:53'),
(122, 98, 'halte-photos/TptmjsN2gCMuZHcOfqVj7CZhieXN8aR3YkhsdGPa.jpg', NULL, NULL, NULL, NULL, 1, '2025-08-25 20:48:27', '2025-08-25 20:48:27'),
(123, 99, 'halte-photos/8uPHZ4Sb50eP9rcAuRN6zfpvAd7wwuTy8Ts6hFtL.jpg', NULL, NULL, NULL, NULL, 1, '2025-08-25 20:50:17', '2025-08-25 20:50:17'),
(124, 100, 'halte-photos/y6A4mom2od3xCpbbbvAEYBT2PqzSQywT3Bw8in6y.jpg', NULL, NULL, NULL, NULL, 1, '2025-08-25 20:52:06', '2025-08-25 20:52:06'),
(125, 101, 'halte-photos/mOGdYcfKpv38V0zgPZW8QniRZt8lkkRTQDwfUuPq.jpg', NULL, NULL, NULL, NULL, 1, '2025-08-25 20:54:04', '2025-08-25 20:54:04'),
(126, 102, 'halte-photos/lurBvKUmkFjRnAuGvbMVO0EF6TmyvejVFk311Sof.jpg', NULL, NULL, NULL, NULL, 1, '2025-08-25 20:55:34', '2025-08-25 20:55:34'),
(128, 104, 'halte-photos/LzXhPDK4ndZHf0WkvHCDCu8TSDh7wJ1B1Eph2uxw.jpg', NULL, NULL, NULL, NULL, 1, '2025-08-25 20:57:33', '2025-08-25 20:57:33'),
(129, 105, 'halte-photos/9hBiEIquWX7GpREpimV0vjTCqbV2FUTJ9pVOqwLx.jpg', NULL, NULL, NULL, NULL, 1, '2025-08-25 20:59:23', '2025-08-25 20:59:23'),
(130, 106, 'halte-photos/tSCk1htu7sADpnI4xDy1fBqf5nltfrUDSn2GgB8k.jpg', NULL, NULL, NULL, NULL, 1, '2025-08-25 21:02:44', '2025-08-25 21:02:44'),
(132, 108, 'halte-photos/VPbJyichIZO3WR3bgLWH7X4QYcdhS7cGh76Bu4xQ.jpg', NULL, NULL, NULL, NULL, 1, '2025-08-25 21:12:17', '2025-08-25 21:12:17'),
(133, 75, 'halte-photos/F3PgTd6LU0o2UH2tSTt9lquiswq4yY86wnS068Zn.png', NULL, NULL, NULL, NULL, 1, '2025-08-26 00:12:17', '2025-08-26 00:12:17'),
(134, 109, 'halte-photos/QXhxKoCJ6NAUUHYbG4RQaDeuDgmJ5Qg7wkWSN1Fd.jpg', NULL, NULL, NULL, NULL, 1, '2025-08-26 00:58:20', '2025-08-26 00:58:20'),
(135, 110, 'halte-photos/Qy2uL4mMhtCwhRFW7oAoCtbS1QcnJYM6h0lwztml.jpg', NULL, NULL, NULL, NULL, 1, '2025-08-26 01:06:37', '2025-08-26 01:06:37'),
(136, 111, 'halte-photos/1WUITU9m8CBpX2X28dQuqAzKYwnsT17hpz7f54fH.jpg', NULL, NULL, NULL, NULL, 1, '2025-08-26 01:09:23', '2025-08-26 01:09:23'),
(137, 112, 'halte-photos/5RNOArsnnAw6gawUdjKrp2egjyEt5Tj2EAFug6Vi.jpg', NULL, NULL, NULL, NULL, 1, '2025-08-26 01:20:53', '2025-08-26 01:20:53');

-- --------------------------------------------------------

--
-- Table structure for table `migrations`
--

CREATE TABLE `migrations` (
  `id` int UNSIGNED NOT NULL,
  `migration` varchar(191) COLLATE utf8mb4_unicode_ci NOT NULL,
  `batch` int NOT NULL
) ENGINE=InnoDB DEFAULT CHARSET=utf8mb4 COLLATE=utf8mb4_unicode_ci;

--
-- Dumping data for table `migrations`
--

INSERT INTO `migrations` (`id`, `migration`, `batch`) VALUES
(1, '2019_12_14_000001_create_personal_access_tokens_table', 1),
(2, '2025_08_19_023438_add_is_active_to_users_table', 1),
(3, '2025_08_19_024222_add_phone_and_address_to_users_table', 1),
(4, '2025_08_19_033925_add_created_by_to_users_table', 2),
(5, '2025_08_19_034042_ensure_users_table_complete', 2),
(6, '2025_08_19_090029_add_missing_fields_to_halte_photos', 2),
(7, '2025_11_30_131937_create_halte_documents_table', 3),
(8, '2025_11_30_132124_create_rental_documents_table', 4);

-- --------------------------------------------------------

--
-- Table structure for table `personal_access_tokens`
--

CREATE TABLE `personal_access_tokens` (
  `id` bigint UNSIGNED NOT NULL,
  `tokenable_type` varchar(191) COLLATE utf8mb4_unicode_ci NOT NULL,
  `tokenable_id` bigint UNSIGNED NOT NULL,
  `name` varchar(191) COLLATE utf8mb4_unicode_ci NOT NULL,
  `token` varchar(64) COLLATE utf8mb4_unicode_ci NOT NULL,
  `abilities` text COLLATE utf8mb4_unicode_ci,
  `last_used_at` timestamp NULL DEFAULT NULL,
  `expires_at` timestamp NULL DEFAULT NULL,
  `created_at` timestamp NULL DEFAULT NULL,
  `updated_at` timestamp NULL DEFAULT NULL
) ENGINE=InnoDB DEFAULT CHARSET=utf8mb4 COLLATE=utf8mb4_unicode_ci;

-- --------------------------------------------------------

--
-- Table structure for table `rental_documents`
--

CREATE TABLE `rental_documents` (
  `id` bigint UNSIGNED NOT NULL,
  `rental_history_id` bigint UNSIGNED NOT NULL,
  `document_name` varchar(191) COLLATE utf8mb4_unicode_ci NOT NULL,
  `document_path` varchar(191) COLLATE utf8mb4_unicode_ci NOT NULL,
  `file_type` varchar(191) COLLATE utf8mb4_unicode_ci NOT NULL,
  `file_size` int NOT NULL,
  `description` text COLLATE utf8mb4_unicode_ci,
  `uploaded_by` bigint UNSIGNED DEFAULT NULL,
  `created_at` timestamp NULL DEFAULT NULL,
  `updated_at` timestamp NULL DEFAULT NULL
) ENGINE=InnoDB DEFAULT CHARSET=utf8mb4 COLLATE=utf8mb4_unicode_ci;

--
-- Dumping data for table `rental_documents`
--

INSERT INTO `rental_documents` (`id`, `rental_history_id`, `document_name`, `document_path`, `file_type`, `file_size`, `description`, `uploaded_by`, `created_at`, `updated_at`) VALUES
(2, 23, 'PT.TRIRATNADIESEL_3.pdf', 'rental-documents/Ok3ZiBhAESWEIZr0TS6f5737t284aXfhLnegFglP.pdf', 'pdf', 49018, NULL, 5, '2025-11-30 21:16:55', '2025-11-30 21:16:55'),
(3, 24, 'paket_20_page6.pdf', 'rental-documents/FRAmsHAlOxedeoYfHof0tijowEghCBPRaUSb7jc4.pdf', 'pdf', 551599, NULL, 5, '2025-11-30 23:18:53', '2025-11-30 23:18:53');

-- --------------------------------------------------------

--
-- Table structure for table `rental_histories`
--

CREATE TABLE `rental_histories` (
  `id` bigint UNSIGNED NOT NULL,
  `halte_id` bigint UNSIGNED NOT NULL,
  `rented_by` varchar(255) COLLATE utf8mb4_unicode_ci NOT NULL,
  `rent_start_date` date NOT NULL,
  `rent_end_date` date NOT NULL,
  `rental_cost` decimal(15,2) DEFAULT NULL,
  `notes` text COLLATE utf8mb4_unicode_ci,
  `created_by` bigint UNSIGNED NOT NULL,
  `created_at` timestamp NULL DEFAULT NULL,
  `updated_at` timestamp NULL DEFAULT NULL
) ENGINE=InnoDB DEFAULT CHARSET=utf8mb4 COLLATE=utf8mb4_unicode_ci;

--
-- Dumping data for table `rental_histories`
--

INSERT INTO `rental_histories` (`id`, `halte_id`, `rented_by`, `rent_start_date`, `rent_end_date`, `rental_cost`, `notes`, `created_by`, `created_at`, `updated_at`) VALUES
(18, 60, 'PT CINTA SEJATI', '2025-11-25', '2031-12-25', 12000000.00, 'TAK SEWA', 5, '2025-11-25 07:35:23', '2025-11-25 07:35:23'),
(19, 48, 'PT TERPURUK', '2025-11-25', '2029-12-25', 200000000.00, 'AKU SEWA YA JANGAN MARAH', 5, '2025-11-25 07:36:55', '2025-11-25 07:36:55'),
(20, 58, 'PT ANJAY', '2025-11-25', '2029-11-25', 12000000.00, 'GABUT PENGEN SEWA', 5, '2025-11-25 07:44:02', '2025-11-25 07:44:02'),
(21, 57, 'PT MENCARI LOKER', '2025-11-25', '2028-11-25', 20000000.00, 'ahahahha gabut', 5, '2025-11-25 07:54:22', '2025-11-25 07:54:22'),
(22, 75, 'PT HAHAHIHI', '2025-11-25', '2029-11-25', 34000000.00, 'EHEHHEHE', 5, '2025-11-25 07:57:15', '2025-11-25 07:57:15'),
(23, 78, 'PT HEMM', '2025-11-25', '2029-11-25', 45000000.00, 'TAK SEWA OK', 5, '2025-11-25 08:00:24', '2025-11-25 08:00:24'),
(24, 80, 'PT HEMM', '2025-11-25', '2029-11-25', 55000000.00, 'TAK SEWA OK', 5, '2025-11-25 08:01:04', '2025-11-25 08:01:04');

-- --------------------------------------------------------

--
-- Table structure for table `users`
--

CREATE TABLE `users` (
  `id` bigint UNSIGNED NOT NULL,
  `name` varchar(255) COLLATE utf8mb4_unicode_ci NOT NULL,
  `email` varchar(255) COLLATE utf8mb4_unicode_ci NOT NULL,
  `phone` varchar(20) COLLATE utf8mb4_unicode_ci DEFAULT NULL,
  `address` text COLLATE utf8mb4_unicode_ci,
  `email_verified_at` timestamp NULL DEFAULT NULL,
  `password` varchar(255) COLLATE utf8mb4_unicode_ci NOT NULL,
  `role` enum('admin','user') COLLATE utf8mb4_unicode_ci NOT NULL DEFAULT 'user',
  `is_active` tinyint(1) NOT NULL DEFAULT '1',
  `last_login_at` timestamp NULL DEFAULT NULL,
  `remember_token` varchar(100) COLLATE utf8mb4_unicode_ci DEFAULT NULL,
  `created_by` bigint UNSIGNED DEFAULT NULL,
  `created_at` timestamp NULL DEFAULT NULL,
  `updated_at` timestamp NULL DEFAULT NULL
) ENGINE=InnoDB DEFAULT CHARSET=utf8mb4 COLLATE=utf8mb4_unicode_ci;

--
-- Dumping data for table `users`
--

INSERT INTO `users` (`id`, `name`, `email`, `phone`, `address`, `email_verified_at`, `password`, `role`, `is_active`, `last_login_at`, `remember_token`, `created_by`, `created_at`, `updated_at`) VALUES
(4, 'BambangJaya', 'miko@halte.com', '081234217132', 'aku dosen a10', NULL, '$2y$10$Ql.x4Jnx42WyAploGol87.J34qJRczEoXyut/mGqj5pCMDyvVSYVe', 'user', 1, '2025-09-25 00:47:40', NULL, NULL, '2025-08-19 02:09:23', '2025-09-25 00:47:40'),
(5, 'Administrator', 'admin@dishub.com', NULL, NULL, '2025-08-25 00:48:45', '$2y$10$nquSH.IUm/bBXefsq45M1.yBBtffgbHKJcIueHpP1XYWJwQz80of6', 'admin', 1, '2025-11-30 21:12:17', NULL, NULL, '2025-08-25 00:48:45', '2025-11-30 21:12:17'),
(7, 'dhanimojo', 'dhani@guest.com', '085784777172', 'A10, Kampus Universitas Negeri Surabaya, Ketintang, Kec. Gayungan, Surabaya, Jawa Timur', NULL, '$2y$10$r4vf25A.K22t5MDblRM/JO5M66NQZ1VZ0irsfNi22OZj9zMnNy.ra', 'user', 1, '2025-11-19 21:26:10', NULL, 5, '2025-11-19 21:25:50', '2025-11-19 21:26:10');

--
-- Indexes for dumped tables
--

--
-- Indexes for table `haltes`
--
ALTER TABLE `haltes`
  ADD PRIMARY KEY (`id`);

--
-- Indexes for table `halte_documents`
--
ALTER TABLE `halte_documents`
  ADD PRIMARY KEY (`id`),
  ADD KEY `halte_documents_uploaded_by_foreign` (`uploaded_by`),
  ADD KEY `halte_documents_halte_id_document_type_index` (`halte_id`,`document_type`);

--
-- Indexes for table `halte_photos`
--
ALTER TABLE `halte_photos`
  ADD PRIMARY KEY (`id`),
  ADD KEY `halte_photos_halte_id_foreign` (`halte_id`);

--
-- Indexes for table `migrations`
--
ALTER TABLE `migrations`
  ADD PRIMARY KEY (`id`);

--
-- Indexes for table `personal_access_tokens`
--
ALTER TABLE `personal_access_tokens`
  ADD PRIMARY KEY (`id`),
  ADD UNIQUE KEY `personal_access_tokens_token_unique` (`token`),
  ADD KEY `personal_access_tokens_tokenable_type_tokenable_id_index` (`tokenable_type`,`tokenable_id`);

--
-- Indexes for table `rental_documents`
--
ALTER TABLE `rental_documents`
  ADD PRIMARY KEY (`id`),
  ADD KEY `rental_documents_uploaded_by_foreign` (`uploaded_by`),
  ADD KEY `rental_documents_rental_history_id_index` (`rental_history_id`);

--
-- Indexes for table `rental_histories`
--
ALTER TABLE `rental_histories`
  ADD PRIMARY KEY (`id`),
  ADD KEY `rental_histories_halte_id_foreign` (`halte_id`),
  ADD KEY `rental_histories_created_by_foreign` (`created_by`);

--
-- Indexes for table `users`
--
ALTER TABLE `users`
  ADD PRIMARY KEY (`id`),
  ADD UNIQUE KEY `email` (`email`),
  ADD KEY `fk_users_created_by` (`created_by`);

--
-- AUTO_INCREMENT for dumped tables
--

--
-- AUTO_INCREMENT for table `haltes`
--
ALTER TABLE `haltes`
  MODIFY `id` bigint UNSIGNED NOT NULL AUTO_INCREMENT, AUTO_INCREMENT=115;

--
-- AUTO_INCREMENT for table `halte_documents`
--
ALTER TABLE `halte_documents`
  MODIFY `id` bigint UNSIGNED NOT NULL AUTO_INCREMENT, AUTO_INCREMENT=4;

--
-- AUTO_INCREMENT for table `halte_photos`
--
ALTER TABLE `halte_photos`
  MODIFY `id` bigint UNSIGNED NOT NULL AUTO_INCREMENT, AUTO_INCREMENT=138;

--
-- AUTO_INCREMENT for table `migrations`
--
ALTER TABLE `migrations`
  MODIFY `id` int UNSIGNED NOT NULL AUTO_INCREMENT, AUTO_INCREMENT=9;

--
-- AUTO_INCREMENT for table `personal_access_tokens`
--
ALTER TABLE `personal_access_tokens`
  MODIFY `id` bigint UNSIGNED NOT NULL AUTO_INCREMENT;

--
-- AUTO_INCREMENT for table `rental_documents`
--
ALTER TABLE `rental_documents`
  MODIFY `id` bigint UNSIGNED NOT NULL AUTO_INCREMENT, AUTO_INCREMENT=4;

--
-- AUTO_INCREMENT for table `rental_histories`
--
ALTER TABLE `rental_histories`
  MODIFY `id` bigint UNSIGNED NOT NULL AUTO_INCREMENT, AUTO_INCREMENT=25;

--
-- AUTO_INCREMENT for table `users`
--
ALTER TABLE `users`
  MODIFY `id` bigint UNSIGNED NOT NULL AUTO_INCREMENT, AUTO_INCREMENT=8;

--
-- Constraints for dumped tables
--

--
-- Constraints for table `halte_documents`
--
ALTER TABLE `halte_documents`
  ADD CONSTRAINT `halte_documents_halte_id_foreign` FOREIGN KEY (`halte_id`) REFERENCES `haltes` (`id`) ON DELETE CASCADE,
  ADD CONSTRAINT `halte_documents_uploaded_by_foreign` FOREIGN KEY (`uploaded_by`) REFERENCES `users` (`id`) ON DELETE SET NULL;

--
-- Constraints for table `halte_photos`
--
ALTER TABLE `halte_photos`
  ADD CONSTRAINT `halte_photos_halte_id_foreign` FOREIGN KEY (`halte_id`) REFERENCES `haltes` (`id`) ON DELETE CASCADE;

--
-- Constraints for table `rental_documents`
--
ALTER TABLE `rental_documents`
  ADD CONSTRAINT `rental_documents_rental_history_id_foreign` FOREIGN KEY (`rental_history_id`) REFERENCES `rental_histories` (`id`) ON DELETE CASCADE,
  ADD CONSTRAINT `rental_documents_uploaded_by_foreign` FOREIGN KEY (`uploaded_by`) REFERENCES `users` (`id`) ON DELETE SET NULL;

--
-- Constraints for table `rental_histories`
--
ALTER TABLE `rental_histories`
  ADD CONSTRAINT `rental_histories_created_by_foreign` FOREIGN KEY (`created_by`) REFERENCES `users` (`id`) ON DELETE CASCADE,
  ADD CONSTRAINT `rental_histories_halte_id_foreign` FOREIGN KEY (`halte_id`) REFERENCES `haltes` (`id`) ON DELETE CASCADE;

--
-- Constraints for table `users`
--
ALTER TABLE `users`
  ADD CONSTRAINT `fk_users_created_by` FOREIGN KEY (`created_by`) REFERENCES `users` (`id`) ON DELETE SET NULL ON UPDATE CASCADE;
COMMIT;

/*!40101 SET CHARACTER_SET_CLIENT=@OLD_CHARACTER_SET_CLIENT */;
/*!40101 SET CHARACTER_SET_RESULTS=@OLD_CHARACTER_SET_RESULTS */;
/*!40101 SET COLLATION_CONNECTION=@OLD_COLLATION_CONNECTION */;
